id,text,date,platform
1,"Amazing service! Really impressed with everything 😍 #GreatExperience",2026-01-01,Twitter
2,"The delivery was extremely slow and packaging was damaged 😡 #BadService",2026-01-02,Instagram
3,"Received my order today. No issues.",2026-01-03,Facebook
4,"Absolutely love this product! Best purchase of the year! 🔥 @BrandName",2026-01-04,Twitter
5,"Very poor customer support. They ignored my emails for two weeks.",2026-01-04,LinkedIn
6,"Tried the new update. It works fine on my device.",2026-01-05,Facebook
7,"WORST experience ever. Product arrived broken and no refund offered! 😠",2026-01-05,Twitter
8,"Fantastic quality and fast shipping! Will definitely order again 👍",2026-01-06,Instagram
9,"The company announced a new feature today. Looking forward to trying it.",2026-01-06,LinkedIn
10,"Disappointed with the pricing. Way too expensive for what you get 😒",2026-01-07,Twitter
11,"Just received my package. Delivery was on time as promised.",2026-01-07,Facebook
12,"Outstanding customer service! They resolved my issue within hours ❤️",2026-01-08,Instagram
13,"App keeps crashing on my phone. Very frustrating 😤 #AppBug",2026-01-08,Twitter
14,"Solid product. Does what it says. No complaints.",2026-01-09,Facebook
15,"Completely disappointed. This is NOT what was advertised #Scam",2026-01-09,Twitter
16,"I love the new design update! Looks so clean and modern 🤩 #NewLook",2026-01-10,Instagram
17,"Support team was unhelpful and rude. Will not buy again.",2026-01-10,LinkedIn
18,"Created my account today. Setup was straightforward.",2026-01-11,Facebook
19,"Best investment I made this year! Incredible product quality 💯",2026-01-11,Twitter
20,"Delivery took 3 weeks with zero updates. Unacceptable service 😢",2026-01-12,Instagram
21,"The subscription plan was updated. Prices have changed slightly.",2026-01-12,LinkedIn
22,"I am so happy with this! Works perfectly every single time 😊",2026-01-13,Twitter
23,"Charged twice for a single order. Support still hasn't responded.",2026-01-13,Facebook
24,"Good product overall. Nothing extraordinary but gets the job done.",2026-01-14,Instagram
25,"Their customer care team is brilliant. Solved my issue instantly! 👏",2026-01-14,Twitter
26,"The app interface is confusing and difficult to navigate 🙄 #UX",2026-01-15,LinkedIn
27,"I checked the order status today. Still processing.",2026-01-15,Facebook
28,"Exceptional value for money! Highly recommend to everyone! 🚀",2026-01-16,Twitter
29,"Product broke after one week. Terrible quality for this price point.",2026-01-16,Instagram
30,"They published a blog post about their upcoming roadmap.",2026-01-17,LinkedIn
31,"Love this brand so much! Every product I buy is top quality 💪",2026-01-17,Twitter
32,"Waited 30 minutes on hold and nobody answered. Very poor service.",2026-01-18,Facebook
33,"The new version of the app is now available for download.",2026-01-18,Instagram
34,"Finally a company that actually cares about customers! Great support! ❤️",2026-01-19,Twitter
35,"Item arrived damaged and they refused to process my refund request 😭",2026-01-19,LinkedIn
36,"Order confirmed. Expected delivery is within 5 business days.",2026-01-20,Facebook
37,"Absolutely brilliant product! Far exceeded my expectations 🎉",2026-01-20,Twitter
38,"Very slow performance after the update. App lags constantly now 😩",2026-01-21,Instagram
39,"The company has a 30-day return policy which is standard.",2026-01-21,LinkedIn
40,"This product is a game changer! So useful in everyday life! 💯",2026-01-22,Twitter
41,"Horrible experience from start to finish. Never again! #Disappointed",2026-01-22,Facebook
42,"I subscribed to their newsletter to stay updated.",2026-01-23,Instagram
43,"Incredible packaging and the product itself is even better inside 🤩",2026-01-23,Twitter
44,"The website is completely broken. Cannot even complete checkout 😡",2026-01-24,LinkedIn
45,"Joined their loyalty program last week. No issues so far.",2026-01-24,Facebook
46,"Love how they handled my complaint. So professional and fast ❤️",2026-01-25,Twitter
47,"Overpriced and overrated. Totally not worth the money 👎 #Overpriced",2026-01-25,Instagram
48,"The maintenance window is scheduled for this Sunday.",2026-01-26,LinkedIn
49,"Such a smooth and enjoyable buying experience! 5 stars! ⭐⭐⭐⭐⭐",2026-01-26,Twitter
50,"Product missing parts when delivered. Support team is useless 😠",2026-01-27,Facebook
51,"Downloading the update now. Will test it later.",2026-01-27,Instagram
52,"Customer service is absolutely phenomenal! Went above and beyond! 🙌",2026-01-28,Twitter
53,"Wrong item sent twice. Complete failure in order management.",2026-01-28,LinkedIn
54,"The terms and conditions were updated. You may want to review them.",2026-01-29,Facebook
55,"This product has honestly changed my life for the better! 🔥",2026-01-29,Twitter
56,"Returned the product. Refund process took forever. Very inconvenient.",2026-01-30,Instagram
57,"Updated my billing information without any problems.",2026-01-30,LinkedIn
58,"Best quality product I have found at this price range! 👍",2026-01-31,Twitter
59,"Zero communication after placing the order. Very unprofessional.",2026-01-31,Facebook
60,"I browsed through their catalog and found some interesting options.",2026-02-01,Instagram
