text,label
"I absolutely love this product! Best purchase ever!",positive
"Amazing customer service, they resolved my issue immediately",positive
"The quality is outstanding, very impressed with every detail",positive
"Fantastic experience from start to finish, highly recommended!",positive
"Super fast shipping and the product exceeded my expectations",positive
"Really happy with this purchase, works perfectly",positive
"Excellent support team, patient and very professional",positive
"This is the best service I have ever used, five stars!",positive
"Love the new features in the latest update, great improvement",positive
"Incredible value for money, absolutely worth every penny",positive
"Great product, arrived on time and exactly as described",positive
"The app is so smooth and intuitive, loving every bit of it",positive
"Outstanding performance, battery life is exceptional",positive
"Customer support went above and beyond to help me",positive
"So impressed with the build quality, feels very premium",positive
"Quick delivery, excellent packaging, product is perfect",positive
"The team was so helpful and friendly throughout the process",positive
"This product has completely changed my daily routine for the better",positive
"Absolutely brilliant service, I will definitely come back",positive
"Very satisfied with my purchase, no complaints whatsoever",positive
"Perfect product, does exactly what it promises",positive
"Loving it! Works flawlessly without any issues",positive
"The update really improved things, keep up the great work!",positive
"Received my order in just two days, very happy!",positive
"The features are exactly what I needed, great job team!",positive
"Five stars for the excellent customer experience",positive
"Amazing packaging and the product quality is top notch",positive
"I am genuinely impressed, this exceeded all my expectations",positive
"Wonderful product, I have recommended it to all my friends",positive
"Great value and excellent build quality, very happy customer",positive
"Reliable service every single time, never disappoints",positive
"Love the design, it feels premium and very well made",positive
"Best purchase I made this year, absolutely satisfied",positive
"Highly impressed with the quick response from support",positive
"The product looks even better in person, truly stunning",positive
"Such a smooth checkout and delivery experience, loved it",positive
"Exceptional service quality and very competitive pricing",positive
"Works exactly as advertised, no surprises, just great results",positive
"Really appreciate the effort put into the packaging and quality",positive
"Totally worth it! Recommend this to anyone looking for quality",positive
"The app updates have been super useful, great improvements!",positive
"Really enjoy using this every day, solid product",positive
"Received excellent guidance from their support team, thank you!",positive
"Fast delivery and the product is in perfect condition",positive
"I love how easy it is to use, very beginner friendly",positive
"The subscription is completely worth it, great features",positive
"Very professional team, addressed my concerns immediately",positive
"Really polished product with no bugs or issues at all",positive
"Happy customer here! Everything went smoothly",positive
"Top quality product, arrived ahead of schedule",positive
"I hate this service so much, total waste of money",negative
"The delivery was extremely late, very disappointing experience",negative
"Completely disappointed with the quality, do not buy this",negative
"Terrible customer support, they completely ignored my emails",negative
"The product stopped working after just two days, very poor",negative
"Worst purchase I have ever made, absolutely regret buying it",negative
"The item arrived damaged and support refused to help",negative
"Very poor packaging, product was broken when it arrived",negative
"Frustrated with the constant bugs in the app, unusable",negative
"Charged twice and nobody from support has responded yet",negative
"The quality is nothing like what was advertised, misleading",negative
"Delivery took over three weeks with no updates at all",negative
"Support team was rude and completely unhelpful",negative
"The product is overpriced for what it actually delivers",negative
"App crashes every single time I try to open it, awful",negative
"Money wasted, the product does not work at all",negative
"Extremely disappointed with the service and product quality",negative
"This is the worst experience I have had as a customer",negative
"Delivery was damaged and they refused to issue a refund",negative
"Product broke within a week, very low quality materials",negative
"Support takes forever to respond and never solves anything",negative
"I feel completely cheated, this is not what was described",negative
"Terrible performance, lags all the time and crashes often",negative
"Very bad value for money, not worth purchasing at all",negative
"The app is full of glitches and errors, needs major fixes",negative
"Extremely poor experience from start to finish",negative
"They shipped the wrong item and refused to correct it",negative
"No updates, no communication, completely ignored after purchase",negative
"I am very unhappy with this product, below expectations",negative
"Refund request denied despite the item being defective",negative
"The worst customer service I have experienced in my life",negative
"Broken out of the box, this is completely unacceptable",negative
"Very slow and unreliable, crashes during important tasks",negative
"Overpriced and underdelivered, save your money elsewhere",negative
"Do not buy this product, the negative reviews are all true",negative
"Support team is unprofessional and dismissive, avoid",negative
"Item was never delivered and no response from the seller",negative
"App does not work on my device despite meeting requirements",negative
"Extremely disappointed, will never purchase from them again",negative
"Feels very cheap and flimsy, definitely not worth the price",negative
"Constant errors and bugs make this app nearly unusable",negative
"This company does not care about its customers at all",negative
"Poor quality control, received a product with missing parts",negative
"Absolutely terrible, the website is broken and confusing",negative
"Scam! They took my money and never delivered the product",negative
"Delayed by two weeks with zero communication from the company",negative
"The product looked nothing like the photos on the website",negative
"Not fit for purpose, returned it immediately for a refund",negative
"Very frustrating experience, multiple issues all unresolved",negative
"Awful aftersales service, nobody answers and nobody cares",negative
"The company announced a new partnership today",neutral
"I received my order confirmation email",neutral
"The update has been rolled out to all users",neutral
"The company released a press statement this morning",neutral
"I created an account on the platform",neutral
"The product arrived today as scheduled",neutral
"They sent me a follow-up email about my recent order",neutral
"The feature is currently being tested by a small group",neutral
"The company has offices in multiple countries",neutral
"I subscribed to their newsletter last week",neutral
"The app requires iOS 15 or higher to run",neutral
"They announced the new product line for next quarter",neutral
"The service is available in most regions globally",neutral
"I visited their website to check the pricing",neutral
"The team published a blog post about upcoming changes",neutral
"The delivery window is between Monday and Wednesday",neutral
"I checked my order status and it is in transit",neutral
"The product weighs approximately 500 grams",neutral
"The company was founded in 2018 and is based in the US",neutral
"Users can access their account from any device",neutral
"The terms of service were updated last month",neutral
"I read the FAQs before contacting support",neutral
"The maintenance window is scheduled for Sunday night",neutral
"They have introduced a new tier to their subscription plan",neutral
"The default setting can be changed in preferences",neutral
"I downloaded the latest version of the app today",neutral
"The company processes orders within two business days",neutral
"I updated my shipping address before checkout",neutral
"The package weighs about two kilograms",neutral
"The company has a returns policy of 30 days",neutral
"I joined their loyalty program last month",neutral
"The product dimensions are listed on the website",neutral
"They sent a notification about the scheduled downtime",neutral
"The API documentation was updated this morning",neutral
"I checked the compatibility before purchasing",neutral
"The service has been operational for over five years",neutral
"The team is based across three different time zones",neutral
"I followed the setup guide step by step",neutral
"The company offers both monthly and annual plans",neutral
"I set up automatic renewals for my subscription",neutral
"The report was generated successfully without any errors",neutral
"The system logged my activity as expected",neutral
"I completed the verification process without issues",neutral
"The order has been dispatched from the warehouse",neutral
"I browsed through the available options before deciding",neutral
"Their headquarters moved to a new location recently",neutral
"The current version supports all major browsers",neutral
"I added the item to my wishlist for later",neutral
"The platform supports multiple languages and currencies",neutral
"I created a support ticket for my technical issue",neutral
